{
  "project_info": {
    "project_number": "908577982344",
    "project_id": "flash-chat-5d82f",
    "storage_bucket": "flash-chat-5d82f.appspot.com"
  },
  "client": [
    {
      "client_info": {
        "mobilesdk_app_id": "1:908577982344:android:e8d24dcca8ecd2124f1c3d",
        "android_client_info": {
          "package_name": "com.sumukh.flash_chat"
        }
      },
      "oauth_client": [
        {
          "client_id": "908577982344-a6jd99shfvsi39npm8ehda44u23ahamd.apps.googleusercontent.com",
          "client_type": 3
        }
      ],
      "api_key": [
        {
          "current_key": "AIzaSyC34Nvw7zxjTFqVotjseUxuKJ6IxsERmcY"
        }
      ],
      "services": {
        "appinvite_service": {
          "other_platform_oauth_client": [
            {
              "client_id": "908577982344-a6jd99shfvsi39npm8ehda44u23ahamd.apps.googleusercontent.com",
              "client_type": 3
            }
          ]
        }
      }
    }
  ],
  "configuration_version": "1"
}